{
  "experiment": "C21_GPTQ_AWQ_Combined",
  "baseline_loss": 4.315696597099304,
  "quantized_loss": 4.231910467147827,
  "accuracy_loss": -0.08378612995147705,
  "original_bytes": 129086056,
  "quantized_bytes": 24429108,
  "compression_ratio": 5.284108449641305,
  "protected_channels_pct": 0.9765625,
  "n_calibration_batches": 32,
  "tensor_categories": {
    "combined_awq_gptq": 67,
    "passthrough": 48
  },
  "time_seconds": 76.43170833587646
}