{
  "experiment": "C21_BPB_Validation",
  "checkpoint": "checkpoints/newarch_sp8192.pt",
  "baseline_loss": 5.37129425634446,
  "baseline_bpb": 2.500144452460127,
  "quantized_loss": 5.359386557100605,
  "quantized_bpb": 2.494601846379493,
  "bpb_delta": -0.005542606080633838,
  "loss_delta": -0.011907699243854708,
  "original_bytes": 143766172,
  "quantized_bytes": 27210318,
  "compression_ratio": 5.283516789476698,
  "protected_channels_pct": 0.9765625,
  "n_calibration_act_batches": 8,
  "n_calibration_hess_batches": 16,
  "tensor_categories": {
    "combined_awq_gptq": 67,
    "passthrough": 50
  },
  "time_seconds": 813.642256975174
}